INSERT INTO regions ( region ) VALUES ( 'ec' );

INSERT INTO artists VALUES ( 'CNCO' );

INSERT INTO tracks (
    track_url,
    track,
    artist
) VALUES (
    'https://open.spotify.com/track/3AEZUABDXNtecAOSC1qTfo',
    'Reggaet??n Lento (Bailemos)',
    'CNCO'
);

INSERT INTO popularity (
    track_url,
    date_viewed,
    region,
    chart_position,
    streams
) VALUES (
    'https://open.spotify.com/track/3AEZUABDXNtecAOSC1qTfo',
    TO_DATE('1/1/2017', 'MM/DD/YYYY'),
    'ec',
    1,
    19272
);

INSERT INTO regions ( region ) VALUES ( 'ec' );

INSERT INTO artists VALUES ( 'Shakira' );

INSERT INTO tracks (
    track_url,
    track,
    artist
) VALUES (
    'https://open.spotify.com/track/6mICuAdrwEjh6Y6lroV2Kg',
    'Chantaje',
    'Shakira'
);

INSERT INTO popularity (
    track_url,
    date_viewed,
    region,
    chart_position,
    streams
) VALUES (
    'https://open.spotify.com/track/6mICuAdrwEjh6Y6lroV2Kg',
    TO_DATE('1/1/2017', 'MM/DD/YYYY'),
    'ec',
    2,
    19270
);

INSERT INTO artists VALUES ( 'Zion and Lennox' );

INSERT INTO tracks (
    track_url,
    track,
    artist
) VALUES (
    'https://open.spotify.com/track/3QwBODjSEzelZyVjxPOHdq',
    'Otra Vez (feat. J Balvin)',
    'Zion and Lennox'
);

INSERT INTO popularity (
    track_url,
    date_viewed,
    region,
    chart_position,
    streams
) VALUES (
    'https://open.spotify.com/track/3QwBODjSEzelZyVjxPOHdq',
    TO_DATE('1/1/2017', 'MM/DD/YYYY'),
    'ec',
    3,
    15761
);

INSERT INTO artists VALUES ( 'Ricky Martin' );

INSERT INTO tracks (
    track_url,
    track,
    artist
) VALUES (
    'https://open.spotify.com/track/7DM4BPaS7uofFul3ywMe46',
    'Vente Pa Ca',
    'Ricky Martin'
);

INSERT INTO popularity (
    track_url,
    date_viewed,
    region,
    chart_position,
    streams
) VALUES (
    'https://open.spotify.com/track/7DM4BPaS7uofFul3ywMe46',
    TO_DATE('1/1/2017', 'MM/DD/YYYY'),
    'ec',
    4,
    14954
);

INSERT INTO artists VALUES ( 'J Balvin' );

INSERT INTO tracks (
    track_url,
    track,
    artist
) VALUES (
    'https://open.spotify.com/track/6rQSrBHf7HlZjtcMZ4S4bO',
    'Safari',
    'J Balvin'
);

INSERT INTO popularity (
    track_url,
    date_viewed,
    region,
    chart_position,
    streams
) VALUES (
    'https://open.spotify.com/track/6rQSrBHf7HlZjtcMZ4S4bO',
    TO_DATE('1/1/2017', 'MM/DD/YYYY'),
    'ec',
    5,
    14269
);

INSERT INTO artists VALUES ( 'Carlos Vives' );

INSERT INTO tracks (
    track_url,
    track,
    artist
) VALUES (
    'https://open.spotify.com/track/0sXvAOmXgjR2QUqLK1MltU',
    'La Bicicleta',
    'Carlos Vives'
);

INSERT INTO popularity (
    track_url,
    date_viewed,
    region,
    chart_position,
    streams
) VALUES (
    'https://open.spotify.com/track/0sXvAOmXgjR2QUqLK1MltU',
    TO_DATE('1/1/2017', 'MM/DD/YYYY'),
    ec,
    6,
    12843
);

INSERT INTO artists VALUES ( 'IAmChino' );

INSERT INTO tracks (
    track_url,
    track,
    artist
) VALUES (
    'https://open.spotify.com/track/6stYbAJgTszHAHZMPxWWCY',
    'Ay Mi Dios',
    'IAmChino'
);

INSERT INTO popularity (
    track_url,
    date_viewed,
    region,
    chart_position,
    streams
) VALUES (
    'https://open.spotify.com/track/6stYbAJgTszHAHZMPxWWCY',
    TO_DATE('1/1/2017', 'MM/DD/YYYY'),
    'ec',
    7,
    10986
);

INSERT INTO artists VALUES ( 'Chino and Nacho' );

INSERT INTO tracks (
    track_url,
    track,
    artist
) VALUES (
    'https://open.spotify.com/track/5mey7CLLuFToM2P68Qu1gF',
    'Andas En Mi Cabeza',
    'Chino and Nacho'
);

INSERT INTO popularity (
    track_url,
    date_viewed,
    region,
    chart_position,
    streams
) VALUES (
    'https://open.spotify.com/track/5mey7CLLuFToM2P68Qu1gF',
    TO_DATE('1/1/2017', 'MM/DD/YYYY'),
    ec,
    8,
    10653
);

INSERT INTO artists VALUES ( 'Sebastian Yatra' );

INSERT INTO tracks (
    track_url,
    track,
    artist
) VALUES (
    'https://open.spotify.com/track/5J1c3M4EldCfNxXwrwt8mT',
    'Traicionera',
    'Sebastian Yatra'
);

INSERT INTO popularity (
    track_url,
    date_viewed,
    region,
    chart_position,
    streams
) VALUES (
    'https://open.spotify.com/track/5J1c3M4EldCfNxXwrwt8mT',
    TO_DATE('1/1/2017', 'MM/DD/YYYY'),
    'ec',
    9,
    9807
);

INSERT INTO artists VALUES ( 'Daddy Yankee' );

INSERT INTO tracks (
    track_url,
    track,
    artist
) VALUES (
    'https://open.spotify.com/track/58IL315gMSTD37DOZPJ2hf',
    'Shaky Shaky',
    'Daddy Yankee'
);

INSERT INTO popularity (
    track_url,
    date_viewed,
    region,
    chart_position,
    streams
) VALUES (
    'https://open.spotify.com/track/58IL315gMSTD37DOZPJ2hf',
    TO_DATE('1/1/2017', 'MM/DD/YYYY'),
    'ec',
    10,
    9612
);

INSERT INTO artists VALUES ( 'Wisin' );

INSERT INTO tracks (
    track_url,
    track,
    artist
) VALUES (
    'https://open.spotify.com/track/3dQDid3IUNhZy1OehIfYfE',
    'Vacaciones',
    'Wisin'
);

INSERT INTO popularity (
    track_url,
    date_viewed,
    region,
    chart_position,
    streams
) VALUES (
    'https://open.spotify.com/track/3dQDid3IUNhZy1OehIfYfE',
    TO_DATE('1/1/2017', 'MM/DD/YYYY'),
    'ec',
    11,
    9611
);

INSERT INTO artists VALUES ( 'Ozuna' );

INSERT INTO tracks (
    track_url,
    track,
    artist
) VALUES (
    'https://open.spotify.com/track/20ZAJdsKB5IGbGj4ilRt2o',
    'Dile Que Tu Me Quieres',
    'Ozuna'
);

INSERT INTO popularity (
    track_url,
    date_viewed,
    region,
    chart_position,
    streams
) VALUES (
    'https://open.spotify.com/track/20ZAJdsKB5IGbGj4ilRt2o',
    TO_DATE('1/1/2017', 'MM/DD/YYYY'),
    'ec',
    12,
    8982
);

INSERT INTO artists VALUES ( 'DJ Snake' );

INSERT INTO tracks (
    track_url,
    track,
    artist
) VALUES (
    'https://open.spotify.com/track/4pdPtRcBmOSQDlJ3Fk945m',
    'Let Me Love You',
    'DJ Snake'
);

INSERT INTO popularity (
    track_url,
    date_viewed,
    region,
    chart_position,
    streams
) VALUES (
    'https://open.spotify.com/track/4pdPtRcBmOSQDlJ3Fk945m',
    TO_DATE('1/1/2017', 'MM/DD/YYYY'),
    'ec',
    13,
    8834
);

INSERT INTO artists VALUES ( 'Enrique Iglesias' );

INSERT INTO tracks (
    track_url,
    track,
    artist
) VALUES (
    'https://open.spotify.com/track/6YZdkObH88npeKrrkb8Ggf',
    'DUELE EL CORAZON',
    'Enrique Iglesias'
);

INSERT INTO popularity (
    track_url,
    date_viewed,
    region,
    chart_position,
    streams
) VALUES (
    'https://open.spotify.com/track/6YZdkObH88npeKrrkb8Ggf',
    TO_DATE('1/1/2017', 'MM/DD/YYYY'),
    'ec',
    14,
    8309
);

INSERT INTO artists VALUES ( 'Farruko' );

INSERT INTO tracks (
    track_url,
    track,
    artist
) VALUES (
    'https://open.spotify.com/track/1lxswgIpzV6HhENRvkflES',
    'Chillax',
    'Farruko'
);

INSERT INTO popularity (
    track_url,
    date_viewed,
    region,
    chart_position,
    streams
) VALUES (
    'https://open.spotify.com/track/1lxswgIpzV6HhENRvkflES',
    TO_DATE('1/1/2017', 'MM/DD/YYYY'),
    'ec',
    15,
    7822
);

INSERT INTO artists VALUES ( 'Maluma' );

INSERT INTO tracks (
    track_url,
    track,
    artist
) VALUES (
    'https://open.spotify.com/track/6DUdDIRgLqCGq1DwkNWQTN',
    'Borro Cassette',
    'Maluma'
);

INSERT INTO popularity (
    track_url,
    date_viewed,
    region,
    chart_position,
    streams
) VALUES (
    'https://open.spotify.com/track/6DUdDIRgLqCGq1DwkNWQTN',
    TO_DATE('1/1/2017', 'MM/DD/YYYY'),
    'ec',
    16,
    7586
);

INSERT INTO artists VALUES ( 'Drake' );

INSERT INTO tracks (
    track_url,
    track,
    artist
) VALUES (
    'https://open.spotify.com/track/1xznGGDReH1oQq0xzbwXa3',
    'One Dance',
    'Drake'
);

INSERT INTO popularity (
    track_url,
    date_viewed,
    region,
    chart_position,
    streams
) VALUES (
    'https://open.spotify.com/track/1xznGGDReH1oQq0xzbwXa3',
    TO_DATE('1/1/2017', 'MM/DD/YYYY'),
    'ec',
    17,
    7472
);

INSERT INTO artists VALUES ( 'The Chainsmokers' );

INSERT INTO tracks (
    track_url,
    track,
    artist
) VALUES (
    'https://open.spotify.com/track/7BKLCZ1jbUBVqRi2FVlTVw',
    'Closer',
    'The Chainsmokers'
);

INSERT INTO popularity (
    track_url,
    date_viewed,
    region,
    chart_position,
    streams
) VALUES (
    'https://open.spotify.com/track/7BKLCZ1jbUBVqRi2FVlTVw',
    TO_DATE('1/1/2017', 'MM/DD/YYYY'),
    'ec',
    18,
    7416
);

INSERT INTO artists VALUES ( 'The Weeknd' );

INSERT INTO tracks (
    track_url,
    track,
    artist
) VALUES (
    'https://open.spotify.com/track/5aAx2yezTd8zXrkmtKl66Z',
    'Starboy',
    'The Weeknd'
);

INSERT INTO popularity (
    track_url,
    date_viewed,
    region,
    chart_position,
    streams
) VALUES (
    'https://open.spotify.com/track/5aAx2yezTd8zXrkmtKl66Z',
    TO_DATE('1/1/2017', 'MM/DD/YYYY'),
    'ec',
    19,
    7006
);

INSERT INTO artists VALUES ( 'Thal??a' );

INSERT INTO tracks (
    track_url,
    track,
    artist
) VALUES (
    'https://open.spotify.com/track/1pWYnQIlqxTh5bxuPmTG4E',
    'Desde Esa Noche',
    'Thal??a'
);

INSERT INTO popularity (
    track_url,
    date_viewed,
    region,
    chart_position,
    streams
) VALUES (
    'https://open.spotify.com/track/1pWYnQIlqxTh5bxuPmTG4E',
    TO_DATE('1/1/2017', 'MM/DD/YYYY'),
    ec,
    20,
    6779
);

INSERT INTO regions ( region ) VALUES ( 'us' );

INSERT INTO artists VALUES ( 'Migos' );

INSERT INTO tracks (
    track_url,
    track,
    artist
) VALUES (
    'https://open.spotify.com/track/4Km5HrUvYTaSUfiSGPJeQR',
    'Bad and Boujee (feat. Lil Uzi Vert)',
    'Migos'
);

INSERT INTO popularity (
    track_url,
    date_viewed,
    region,
    chart_position,
    streams
) VALUES (
    'https://open.spotify.com/track/4Km5HrUvYTaSUfiSGPJeQR',
    TO_DATE('1/1/2017', 'MM/DD/YYYY'),
    'us',
    1,
    1371493
);

INSERT INTO tracks (
    track_url,
    track,
    artist
) VALUES (
    'https://open.spotify.com/track/343YBumqHu19cGoGARUTsd',
    'Fake Love',
    'Drake'
);

INSERT INTO popularity (
    track_url,
    date_viewed,
    region,
    chart_position,
    streams
) VALUES (
    'https://open.spotify.com/track/343YBumqHu19cGoGARUTsd',
    TO_DATE('1/1/2017', 'MM/DD/YYYY'),
    'us',
    2,
    1180074
);

INSERT INTO popularity (
    track_url,
    date_viewed,
    region,
    chart_position,
    streams
) VALUES (
    'https://open.spotify.com/track/5aAx2yezTd8zXrkmtKl66Z',
    TO_DATE('1/1/2017', 'MM/DD/YYYY'),
    'us',
    3,
    1064351
);

INSERT INTO popularity (
    track_url,
    date_viewed,
    region,
    chart_position,
    streams
) VALUES (
    'https://open.spotify.com/track/7BKLCZ1jbUBVqRi2FVlTVw',
    TO_DATE('1/1/2017', 'MM/DD/YYYY'),
    'us',
    4,
    1010492
);

INSERT INTO artists VALUES ( 'Rae Sremmurd' );

INSERT INTO tracks (
    track_url,
    track,
    artist
) VALUES (
    'https://open.spotify.com/track/6fujklziTHa8uoM5OQSfIo',
    'Black Beatles',
    'Rae Sremmurd'
);

INSERT INTO popularity (
    track_url,
    date_viewed,
    region,
    chart_position,
    streams
) VALUES (
    'https://open.spotify.com/track/6fujklziTHa8uoM5OQSfIo',
    TO_DATE('1/1/2017', 'MM/DD/YYYY'),
    'us',
    5,
    874289
);

INSERT INTO regions ( region ) VALUES ( 'fr' );

INSERT INTO popularity (
    track_url,
    date_viewed,
    region,
    chart_position,
    streams
) VALUES (
    'https://open.spotify.com/track/1xznGGDReH1oQq0xzbwXa3',
    TO_DATE('1/1/2017', 'MM/DD/YYYY'),
    'fr',
    1,
    89403
);

INSERT INTO popularity (
    track_url,
    date_viewed,
    region,
    chart_position,
    streams
) VALUES (
    'https://open.spotify.com/track/5aAx2yezTd8zXrkmtKl66Z',
    TO_DATE('1/1/2017', 'MM/DD/YYYY'),
    'fr',
    2,
    80882
);

INSERT INTO artists VALUES ( 'Bruno Mars' );

INSERT INTO tracks (
    track_url,
    track,
    artist
) VALUES (
    'https://open.spotify.com/track/6b8Be6ljOzmkOmFslEb23P',
    '24K Magic',
    'Bruno Mars'
);

INSERT INTO popularity (
    track_url,
    date_viewed,
    region,
    chart_position,
    streams
) VALUES (
    'https://open.spotify.com/track/6b8Be6ljOzmkOmFslEb23P',
    TO_DATE('1/1/2017', 'MM/DD/YYYY'),
    'fr',
    3,
    80838
);

INSERT INTO artists VALUES ( 'Calvin Harris' );

INSERT INTO tracks (
    track_url,
    track,
    artist
) VALUES (
    'https://open.spotify.com/track/1vvnmpoiuuycbgwmtc6yfm',
    'My Way',
    'Calvin Harris'
);

INSERT INTO popularity (
    track_url,
    date_viewed,
    region,
    chart_position,
    streams
) VALUES (
    'https://open.spotify.com/track/1vvnmpoiuuycbgwmtc6yfm',
    TO_DATE('1/1/2017', 'MM/DD/YYYY'),
    'fr',
    4,
    72133
);

INSERT INTO artists VALUES ( 'Nekfeu' );

INSERT INTO tracks (
    track_url,
    track,
    artist
) VALUES (
    'https://open.spotify.com/track/4kKJ5CjwCtksszPMntho4N',
    'Mauvaise graine',
    'Nekfeu'
);

INSERT INTO popularity (
    track_url,
    date_viewed,
    region,
    chart_position,
    streams
) VALUES (
    'https://open.spotify.com/track/4kKJ5CjwCtksszPMntho4N',
    TO_DATE('1/1/2017', 'MM/DD/YYYY'),
    'fr',
    5,
    71082
);

INSERT INTO regions ( region ) VALUES ( 'it' );

INSERT INTO artists VALUES ( 'Clean Bandit' );

INSERT INTO tracks (
    track_url,
    track,
    artist
) VALUES (
    'https://open.spotify.com/track/5knuzwu65gjk7if5yjsuaw',
    'Rockabye (feat. Sean Paul and Anne-Marie)',
    'Clean Bandit'
);

INSERT INTO popularity (
    track_url,
    date_viewed,
    region,
    chart_position,
    streams
) VALUES (
    'https://open.spotify.com/track/5knuzwu65gjk7if5yjsuaw',
    TO_DATE('1/1/2017', 'MM/DD/YYYY'),
    'it',
    1,
    71014
);

INSERT INTO artists VALUES ( 'Fabio Rovazzi' );

INSERT INTO tracks (
    track_url,
    track,
    artist
) VALUES (
    'https://open.spotify.com/track/5lytvbqxtjypray48fcwgj',
    'Tutto Molto Interessante',
    'Fabio Rovazzi'
);

INSERT INTO popularity (
    track_url,
    date_viewed,
    region,
    chart_position,
    streams
) VALUES (
    'https://open.spotify.com/track/5lytvbqxtjypray48fcwgj',
    TO_DATE('1/1/2017', 'MM/DD/YYYY'),
    'it',
    2,
    54803
);

INSERT INTO tracks (
    track_url,
    track,
    artist
) VALUES (
    'https://open.spotify.com/track/7bklcz1jbubvqri2fvltvw',
    'Closer',
    'The Chainsmokers'
);

INSERT INTO popularity (
    track_url,
    date_viewed,
    region,
    chart_position,
    streams
) VALUES (
    'https://open.spotify.com/track/7bklcz1jbubvqri2fvltvw',
    TO_DATE('1/1/2017', 'MM/DD/YYYY'),
    'it',
    3,
    54136
);

INSERT INTO tracks (
    track_url,
    track,
    artist
) VALUES (
    'https://open.spotify.com/track/4pdptrcbmosqdlj3fk945m',
    'Let Me Love You',
    'DJ Snake'
);

INSERT INTO popularity (
    track_url,
    date_viewed,
    region,
    chart_position,
    streams
) VALUES (
    'https://open.spotify.com/track/4pdptrcbmosqdlj3fk945m',
    TO_DATE('1/1/2017', 'MM/DD/YYYY'),
    'it',
    4,
    52883
);

INSERT INTO artists VALUES ( 'RagnBone Man' );

INSERT INTO tracks (
    track_url,
    track,
    artist
) VALUES (
    'https://open.spotify.com/track/58zslzpvfflaiibnwoa22o',
    'Human',
    'Rag'n'Bone Man'
);

INSERT INTO popularity (
    track_url,
    date_viewed,
    region,
    chart_position,
    streams
) VALUES (
    'https://open.spotify.com/track/58zslzpvfflaiibnwoa22o',
    TO_DATE('1/1/2017', 'MM/DD/YYYY'),
    'it',
    5,
    48454
);

INSERT INTO regions ( region ) VALUES ( 'ar' );

INSERT INTO tracks (
    track_url,
    track,
    artist
) VALUES (
    'https://open.spotify.com/track/6micuadrwejh6y6lrov2kg',
    'Chantaje',
    'Shakira'
);

INSERT INTO popularity (
    track_url,
    date_viewed,
    region,
    chart_position,
    streams
) VALUES (
    'https://open.spotify.com/track/6micuadrwejh6y6lrov2kg',
    TO_DATE('1/1/2017', 'MM/DD/YYYY'),
    'ar',
    1,
    253019
);

INSERT INTO tracks (
    track_url,
    track,
    artist
) VALUES (
    'https://open.spotify.com/track/7dm4bpas7uofful3ywme46',
    'Vente Pa Ca',
    'Ricky Martin'
);

INSERT INTO popularity (
    track_url,
    date_viewed,
    region,
    chart_position,
    streams
) VALUES (
    'https://open.spotify.com/track/7DM4BPaS7uofFul3ywMe46',
    TO_DATE('1/1/2017', 'MM/DD/YYYY'),
    'ar',
    2,
    223988
);

INSERT INTO popularity (
    track_url,
    date_viewed,
    region,
    chart_position,
    streams
) VALUES (
    'https://open.spotify.com/track/3AEZUABDXNtecAOSC1qTfo',
    TO_DATE('1/1/2017', 'MM/DD/YYYY'),
    'ar',
    3,
    210943
);

INSERT INTO popularity (
    track_url,
    date_viewed,
    region,
    chart_position,
    streams
) VALUES (
    'https://open.spotify.com/track/6rQSrBHf7HlZjtcMZ4S4bO',
    TO_DATE('1/1/2017', 'MM/DD/YYYY'),
    'ar',
    4,
    173865
);

INSERT INTO popularity (
    track_url,
    date_viewed,
    region,
    chart_position,
    streams
) VALUES (
    'https://open.spotify.com/track/58IL315gMSTD37DOZPJ2hf',
    TO_DATE('1/1/2017', 'MM/DD/YYYY'),
    'ar',
    5,
    153956
);

INSERT INTO popularity (
    track_url,
    date_viewed,
    region,
    chart_position,
    streams
) VALUES (
    'https://open.spotify.com/track/3AEZUABDXNtecAOSC1qTfo',
    TO_DATE('1/2/2017', 'MM/DD/YYYY'),
    'ec',
    1,
    16672
);

INSERT INTO popularity (
    track_url,
    date_viewed,
    region,
    chart_position,
    streams
) VALUES (
    'https://open.spotify.com/track/6mICuAdrwEjh6Y6lroV2Kg',
    TO_DATE('1/2/2017', 'MM/DD/YYYY'),
    'ec',
    2,
    15594
);

INSERT INTO popularity (
    track_url,
    date_viewed,
    region,
    chart_position,
    streams
) VALUES (
    'https://open.spotify.com/track/3QwBODjSEzelZyVjxPOHdq',
    TO_DATE('1/2/2017', 'MM/DD/YYYY'),
    'ec',
    3,
    13507
);

INSERT INTO popularity (
    track_url,
    date_viewed,
    region,
    chart_position,
    streams
) VALUES (
    'https://open.spotify.com/track/6rQSrBHf7HlZjtcMZ4S4bO',
    TO_DATE('1/2/2017', 'MM/DD/YYYY'),
    'ec',
    4,
    11958
);

INSERT INTO popularity (
    track_url,
    date_viewed,
    region,
    chart_position,
    streams
) VALUES (
    'https://open.spotify.com/track/46eul3ywmffm4bpas7uod7',
    TO_DATE('1/2/2017', 'MM/DD/YYYY'),
    'ec',
    5,
    11590
);

INSERT INTO tracks (
    track_url,
    track,
    artist
) VALUES (
    'https://open.spotify.com/track/k945mflj3dptrcbmosqd4p',
    'Let Me Love You',
    'DJ Snake'
);

INSERT INTO popularity (
    track_url,
    date_viewed,
    region,
    chart_position,
    streams
) VALUES (
    'https://open.spotify.com/track/k945mflj3dptrcbmosqd4p',
    TO_DATE('1/2/2017', 'MM/DD/YYYY'),
    'ec',
    6,
    9096
);

INSERT INTO popularity (
    track_url,
    date_viewed,
    region,
    chart_position,
    streams
) VALUES (
    'https://open.spotify.com/track/6stYbAJgTszHAHZMPxWWCY',
    TO_DATE('1/2/2017', 'MM/DD/YYYY'),
    'ec',
    7,
    9023
);

INSERT INTO tracks (
    track_url,
    track,
    artist
) VALUES (
    'https://open.spotify.com/track/nxxwrwt8mtfcdle5j1c3m4',
    'Traicionera',
    'Sebastian Yatra'
);

INSERT INTO popularity (
    track_url,
    date_viewed,
    region,
    chart_position,
    streams
) VALUES (
    'https://open.spotify.com/track/nxxwrwt8mtfcdle5j1c3m4',
    TO_DATE('1/2/2017', 'MM/DD/YYYY'),
    'ec',
    8,
    8511
);

INSERT INTO popularity (
    track_url,
    date_viewed,
    region,
    chart_position,
    streams
) VALUES (
    'https://open.spotify.com/track/0sXvAOmXgjR2QUqLK1MltU',
    TO_DATE('1/2/2017', 'MM/DD/YYYY'),
    'ec',
    9,
    8288
);

INSERT INTO tracks (
    track_url,
    track,
    artist
) VALUES (
    'https://open.spotify.com/track/efyfhie3iunhzy1odidqd3',
    'Vacaciones',
    'Wisin'
);

INSERT INTO popularity (
    track_url,
    date_viewed,
    region,
    chart_position,
    streams
) VALUES (
    'https://open.spotify.com/track/efyfhie3iunhzy1odidqd3',
    TO_DATE('1/2/2017', 'MM/DD/YYYY'),
    'ec',
    10,
    8205
);

INSERT INTO tracks (
    track_url,
    track,
    artist
) VALUES (
    'https://open.spotify.com/track/ofcaosc1qtexntdzuabe3a',
    'Reggaet??n Lento (Bailemos)',
    'CNCO'
);

INSERT INTO popularity (
    track_url,
    date_viewed,
    region,
    chart_position,
    streams
) VALUES (
    'https://open.spotify.com/track/ofcaosc1qtexntdzuabe3a',
    TO_DATE('1/3/2017', 'MM/DD/YYYY'),
    'ec',
    1,
    17258
);

INSERT INTO tracks (
    track_url,
    track,
    artist
) VALUES (
    'https://open.spotify.com/track/jh6y6lrov2kgerwd6micua',
    'Chantaje',
    'Shakira'
);

INSERT INTO popularity (
    track_url,
    date_viewed,
    region,
    chart_position,
    streams
) VALUES (
    'https://open.spotify.com/track/jh6y6lrov2kgerwd6micua',
    TO_DATE('1/3/2017', 'MM/DD/YYYY'),
    'ec',
    2,
    16614
);

INSERT INTO tracks (
    track_url,
    track,
    artist
) VALUES (
    'https://open.spotify.com/track/qdlzyvjxpohezejsd3qwbo',
    'Otra Vez (feat. J Balvin)',
    'Zion and Lennox'
);

INSERT INTO popularity (
    track_url,
    date_viewed,
    region,
    chart_position,
    streams
) VALUES (
    'https://open.spotify.com/track/qdlZyVjxPOHe3QwBODjSEz',
    TO_DATE('1/3/2017', 'MM/DD/YYYY'),
    'ec',
    3,
    14148
);

INSERT INTO tracks (
    track_url,
    track,
    artist
) VALUES (
    'https://open.spotify.com/track/7hlzjtcmz4s4bof6rqsrbh',
    'Safari',
    'J Balvin'
);

INSERT INTO popularity (
    track_url,
    date_viewed,
    region,
    chart_position,
    streams
) VALUES (
    'https://open.spotify.com/track/7hlzjtcmz4s4bof6rqsrbh',
    TO_DATE('1/3/2017', 'MM/DD/YYYY'),
    'ec',
    4,
    12336
);

INSERT INTO tracks (
    track_url,
    track,
    artist
) VALUES (
    'https://open.spotify.com/track/46eul3ywmffm4bpas7uod7',
    'Vente Pa Ca',
    'Ricky Martin'
);

INSERT INTO popularity (
    track_url,
    date_viewed,
    region,
    chart_position,
    streams
) VALUES (
    'https://open.spotify.com/track/7DM4BPaS7uofFul3ywMe46',
    TO_DATE('1/3/2017', 'MM/DD/YYYY'),
    'ec',
    5,
    12280
);

INSERT INTO popularity (
    track_url,
    date_viewed,
    region,
    chart_position,
    streams
) VALUES (
    'https://open.spotify.com/track/4pdPtRcBmOSQDlJ3Fk945m',
    TO_DATE('1/3/2017', 'MM/DD/YYYY'),
    'ec',
    6,
    10652
);

INSERT INTO popularity (
    track_url,
    date_viewed,
    region,
    chart_position,
    streams
) VALUES (
    'https://open.spotify.com/track/6stYbAJgTszHAHZMPxWWCY',
    TO_DATE('1/3/2017', 'MM/DD/YYYY'),
    'ec',
    7,
    9519
);

INSERT INTO popularity (
    track_url,
    date_viewed,
    region,
    chart_position,
    streams
) VALUES (
    'https://open.spotify.com/track/7BKLCZ1jbUBVqRi2FVlTVw',
    TO_DATE('1/3/2017', 'MM/DD/YYYY'),
    'ec',
    8,
    9244
);

INSERT INTO popularity (
    track_url,
    date_viewed,
    region,
    chart_position,
    streams
) VALUES (
    'https://open.spotify.com/track/3dQDid3IUNhZy1OehIfYfE',
    TO_DATE('1/3/2017', 'MM/DD/YYYY'),
    'ec',
    9,
    9032
);

INSERT INTO popularity (
    track_url,
    date_viewed,
    region,
    chart_position,
    streams
) VALUES (
    'https://open.spotify.com/track/5J1c3M4EldCfNxXwrwt8mT',
    TO_DATE('1/3/2017', 'MM/DD/YYYY'),
    'ec',
    10,
    8993
);

INSERT INTO popularity (
    track_url,
    date_viewed,
    region,
    chart_position,
    streams
) VALUES (
    'https://open.spotify.com/track/3AEZUABDXNtecAOSC1qTfo',
    TO_DATE('1/4/2017', 'MM/DD/YYYY'),
    'ec',
    1,
    18146
);

INSERT INTO popularity (
    track_url,
    date_viewed,
    region,
    chart_position,
    streams
) VALUES (
    'https://open.spotify.com/track/6mICuAdrwEjh6Y6lroV2Kg',
    TO_DATE('1/4/2017', 'MM/DD/YYYY'),
    'ec',
    2,
    16582
);

INSERT INTO popularity (
    track_url,
    date_viewed,
    region,
    chart_position,
    streams
) VALUES (
    'https://open.spotify.com/track/3QwBODjSEzelZyVjxPOHdq',
    TO_DATE('1/4/2017', 'MM/DD/YYYY'),
    'ec',
    3,
    14602
);

INSERT INTO popularity (
    track_url,
    date_viewed,
    region,
    chart_position,
    streams
) VALUES (
    'https://open.spotify.com/track/46eul3ywmffm4bpas7uod7',
    TO_DATE('1/4/2017', 'MM/DD/YYYY'),
    'ec',
    4,
    12413
);

INSERT INTO popularity (
    track_url,
    date_viewed,
    region,
    chart_position,
    streams
) VALUES (
    'https://open.spotify.com/track/7hlzjtcmz4s4bof6rqsrbh',
    TO_DATE('1/4/2017', 'MM/DD/YYYY'),
    'ec',
    5,
    12386
);

INSERT INTO popularity (
    track_url,
    date_viewed,
    region,
    chart_position,
    streams
) VALUES (
    'https://open.spotify.com/track/k945mflj3dptrcbmosqd4p',
    TO_DATE('1/4/2017', 'MM/DD/YYYY'),
    'ec',
    6,
    11303
);

INSERT INTO popularity (
    track_url,
    date_viewed,
    region,
    chart_position,
    streams
) VALUES (
    'https://open.spotify.com/track/6stYbAJgTszHAHZMPxWWCY',
    TO_DATE('1/4/2017', 'MM/DD/YYYY'),
    'ec',
    7,
    10134
);

INSERT INTO tracks (
    track_url,
    track,
    artist
) VALUES (
    'https://open.spotify.com/track/vltvwf7bklcz1jbubvqri2',
    'Closer',
    'The Chainsmokers'
);

INSERT INTO popularity (
    track_url,
    date_viewed,
    region,
    chart_position,
    streams
) VALUES (
    'https://open.spotify.com/track/vltvwf7bklcz1jbubvqri2',
    TO_DATE('1/4/2017', 'MM/DD/YYYY'),
    'ec',
    8,
    9747
);

INSERT INTO popularity (
    track_url,
    date_viewed,
    region,
    chart_position,
    streams
) VALUES (
    'https://open.spotify.com/track/efyfhie3iunhzy1odidqd3',
    TO_DATE('1/4/2017', 'MM/DD/YYYY'),
    'ec',
    9,
    9544
);

INSERT INTO popularity (
    track_url,
    date_viewed,
    region,
    chart_position,
    streams
) VALUES (
    'https://open.spotify.com/track/nxxwrwt8mtfcdle5j1c3m4',
    TO_DATE('1/4/2017', 'MM/DD/YYYY'),
    'ec',
    10,
    9073
);

INSERT INTO popularity (
    track_url,
    date_viewed,
    region,
    chart_position,
    streams
) VALUES (
    'https://open.spotify.com/track/ofcaosc1qtexntdzuabe3a',
    TO_DATE('1/5/2017', 'MM/DD/YYYY'),
    'ec',
    1,
    17788
);

INSERT INTO popularity (
    track_url,
    date_viewed,
    region,
    chart_position,
    streams
) VALUES (
    'https://open.spotify.com/track/jh6y6lrov2kgerwd6micua',
    TO_DATE('1/5/2017', 'MM/DD/YYYY'),
    'ec',
    2,
    16254
);

INSERT INTO popularity (
    track_url,
    date_viewed,
    region,
    chart_position,
    streams
) VALUES (
    'https://open.spotify.com/track/qdlZyVjxPOHe3QwBODjSEz',
    TO_DATE('1/5/2017', 'MM/DD/YYYY'),
    'ec',
    3,
    14529
);

INSERT INTO popularity (
    track_url,
    date_viewed,
    region,
    chart_position,
    streams
) VALUES (
    'https://open.spotify.com/track/7DM4BPaS7uofFul3ywMe46',
    TO_DATE('1/5/2017', 'MM/DD/YYYY'),
    'ec',
    4,
    12337
);

INSERT INTO popularity (
    track_url,
    date_viewed,
    region,
    chart_position,
    streams
) VALUES (
    'https://open.spotify.com/track/6rQSrBHf7HlZjtcMZ4S4bO',
    TO_DATE('1/5/2017', 'MM/DD/YYYY'),
    'ec',
    5,
    12102
);

INSERT INTO popularity (
    track_url,
    date_viewed,
    region,
    chart_position,
    streams
) VALUES (
    'https://open.spotify.com/track/4pdPtRcBmOSQDlJ3Fk945m',
    TO_DATE('1/5/2017', 'MM/DD/YYYY'),
    'ec',
    6,
    10765
);

INSERT INTO popularity (
    track_url,
    date_viewed,
    region,
    chart_position,
    streams
) VALUES (
    'https://open.spotify.com/track/6stYbAJgTszHAHZMPxWWCY',
    TO_DATE('1/5/2017', 'MM/DD/YYYY'),
    'ec',
    7,
    10379
);

INSERT INTO popularity (
    track_url,
    date_viewed,
    region,
    chart_position,
    streams
) VALUES (
    'https://open.spotify.com/track/3dQDid3IUNhZy1OehIfYfE',
    TO_DATE('1/5/2017', 'MM/DD/YYYY'),
    'ec',
    8,
    9666
);

INSERT INTO popularity (
    track_url,
    date_viewed,
    region,
    chart_position,
    streams
) VALUES (
    'https://open.spotify.com/track/7BKLCZ1jbUBVqRi2FVlTVw',
    TO_DATE('1/5/2017', 'MM/DD/YYYY'),
    'ec',
    9,
    9384
);

INSERT INTO popularity (
    track_url,
    date_viewed,
    region,
    chart_position,
    streams
) VALUES (
    'https://open.spotify.com/track/5J1c3M4EldCfNxXwrwt8mT',
    TO_DATE('1/5/2017', 'MM/DD/YYYY'),
    'ec',
    10,
    8874
);

INSERT INTO popularity (
    track_url,
    date_viewed,
    region,
    chart_position,
    streams
) VALUES (
    'https://open.spotify.com/track/3AEZUABDXNtecAOSC1qTfo',
    TO_DATE('1/6/2017', 'MM/DD/YYYY'),
    'ec',
    1,
    18579
);

INSERT INTO popularity (
    track_url,
    date_viewed,
    region,
    chart_position,
    streams
) VALUES (
    'https://open.spotify.com/track/6mICuAdrwEjh6Y6lroV2Kg',
    TO_DATE('1/6/2017', 'MM/DD/YYYY'),
    'ec',
    2,
    17215
);

INSERT INTO popularity (
    track_url,
    date_viewed,
    region,
    chart_position,
    streams
) VALUES (
    'https://open.spotify.com/track/3QwBODjSEzelZyVjxPOHdq',
    TO_DATE('1/6/2017', 'MM/DD/YYYY'),
    'ec',
    3,
    15447
);

INSERT INTO popularity (
    track_url,
    date_viewed,
    region,
    chart_position,
    streams
) VALUES (
    'https://open.spotify.com/track/46eul3ywmffm4bpas7uod7',
    TO_DATE('1/6/2017', 'MM/DD/YYYY'),
    'ec',
    4,
    12770
);

INSERT INTO popularity (
    track_url,
    date_viewed,
    region,
    chart_position,
    streams
) VALUES (
    'https://open.spotify.com/track/7hlzjtcmz4s4bof6rqsrbh',
    TO_DATE('1/6/2017', 'MM/DD/YYYY'),
    'ec',
    5,
    12766
);

INSERT INTO popularity (
    track_url,
    date_viewed,
    region,
    chart_position,
    streams
) VALUES (
    'https://open.spotify.com/track/6stYbAJgTszHAHZMPxWWCY',
    TO_DATE('1/6/2017', 'MM/DD/YYYY'),
    'ec',
    6,
    10841
);

INSERT INTO popularity (
    track_url,
    date_viewed,
    region,
    chart_position,
    streams
) VALUES (
    'https://open.spotify.com/track/k945mflj3dptrcbmosqd4p',
    TO_DATE('1/6/2017', 'MM/DD/YYYY'),
    'ec',
    7,
    10578
);

INSERT INTO popularity (
    track_url,
    date_viewed,
    region,
    chart_position,
    streams
) VALUES (
    'https://open.spotify.com/track/efyfhie3iunhzy1odidqd3',
    TO_DATE('1/6/2017', 'MM/DD/YYYY'),
    'ec',
    8,
    10318
);

INSERT INTO popularity (
    track_url,
    date_viewed,
    region,
    chart_position,
    streams
) VALUES (
    'https://open.spotify.com/track/nxxwrwt8mtfcdle5j1c3m4',
    TO_DATE('1/6/2017', 'MM/DD/YYYY'),
    'ec',
    9,
    9457
);

INSERT INTO popularity (
    track_url,
    date_viewed,
    region,
    chart_position,
    streams
) VALUES (
    'https://open.spotify.com/track/vltvwf7bklcz1jbubvqri2',
    TO_DATE('1/6/2017', 'MM/DD/YYYY'),
    'ec',
    10,
    9090
);

INSERT INTO popularity (
    track_url,
    date_viewed,
    region,
    chart_position,
    streams
) VALUES (
    'https://open.spotify.com/track/ofcaosc1qtexntdzuabe3a',
    TO_DATE('1/7/2017', 'MM/DD/YYYY'),
    'ec',
    1,
    21438
);

INSERT INTO popularity (
    track_url,
    date_viewed,
    region,
    chart_position,
    streams
) VALUES (
    'https://open.spotify.com/track/jh6y6lrov2kgerwd6micua',
    TO_DATE('1/7/2017', 'MM/DD/YYYY'),
    'ec',
    2,
    19357
);

INSERT INTO popularity (
    track_url,
    date_viewed,
    region,
    chart_position,
    streams
) VALUES (
    'https://open.spotify.com/track/qdlZyVjxPOHe3QwBODjSEz',
    TO_DATE('1/7/2017', 'MM/DD/YYYY'),
    'ec',
    3,
    17095
);

INSERT INTO popularity (
    track_url,
    date_viewed,
    region,
    chart_position,
    streams
) VALUES (
    'https://open.spotify.com/track/7hlzjtcmz4s4bof6rqsrbh',
    TO_DATE('1/7/2017', 'MM/DD/YYYY'),
    'ec',
    4,
    14493
);

INSERT INTO tracks (
    track_url,
    track,
    artist
) VALUES (
    'https://open.spotify.com/track/46eul3ywmffm4bpas7uod7',
    'Vente Pa  Ca',
    'Ricky Martin'
);

INSERT INTO popularity (
    track_url,
    date_viewed,
    region,
    chart_position,
    streams
) VALUES (
    'https://open.spotify.com/track/7DM4BPaS7uofFul3ywMe46',
    TO_DATE('1/7/2017', 'MM/DD/YYYY'),
    'ec',
    5,
    14144
);

INSERT INTO popularity (
    track_url,
    date_viewed,
    region,
    chart_position,
    streams
) VALUES (
    'https://open.spotify.com/track/6stYbAJgTszHAHZMPxWWCY',
    TO_DATE('1/7/2017', 'MM/DD/YYYY'),
    'ec',
    6,
    11781
);

INSERT INTO popularity (
    track_url,
    date_viewed,
    region,
    chart_position,
    streams
) VALUES (
    'https://open.spotify.com/track/3dQDid3IUNhZy1OehIfYfE',
    TO_DATE('1/7/2017', 'MM/DD/YYYY'),
    'ec',
    7,
    11553
);

INSERT INTO popularity (
    track_url,
    date_viewed,
    region,
    chart_position,
    streams
) VALUES (
    'https://open.spotify.com/track/4pdPtRcBmOSQDlJ3Fk945m',
    TO_DATE('1/7/2017', 'MM/DD/YYYY'),
    'ec',
    8,
    10762
);

INSERT INTO popularity (
    track_url,
    date_viewed,
    region,
    chart_position,
    streams
) VALUES (
    'https://open.spotify.com/track/20ZAJdsKB5IGbGj4ilRt2o',
    TO_DATE('1/7/2017', 'MM/DD/YYYY'),
    'ec',
    9,
    10552
);

INSERT INTO popularity (
    track_url,
    date_viewed,
    region,
    chart_position,
    streams
) VALUES (
    'https://open.spotify.com/track/5J1c3M4EldCfNxXwrwt8mT',
    TO_DATE('1/7/2017', 'MM/DD/YYYY'),
    'ec',
    10,
    10335
);